key,sender,senderID,addressee,addresseeID,senderDate,senderPlace,senderPlaceID,page,notes,edition
1,Robert Volkmann,11876912X,Robert Schumann,118611666,1840?-03-04,Prag,https://www.geonames.org/3067696,1,,"Hans Volkmann (Hrsg.), Briefe von Robert Volkmann, Leipzig 1917"
2,Robert Volkmann,11876912X,Robert Schumann,118611666,1840-06-03,Szemeréd,,3,,"Hans Volkmann (Hrsg.), Briefe von Robert Volkmann, Leipzig 1917"
3,Robert Volkmann,11876912X,Robert Schumann,118611666,1841-04-04,Szemeréd,,5,,"Hans Volkmann (Hrsg.), Briefe von Robert Volkmann, Leipzig 1917"
4,Robert Volkmann,11876912X,Friedrich Whistling,139011064,1841-08-11,Pest,https://www.geonames.org/3046446,10,,"Hans Volkmann (Hrsg.), Briefe von Robert Volkmann, Leipzig 1917"
5,Robert Volkmann,11876912X,August Schmidt,117501816,1842-09-25,Pest,https://www.geonames.org/3046446,11,,"Hans Volkmann (Hrsg.), Briefe von Robert Volkmann, Leipzig 1917"
6,Robert Volkmann,11876912X,August Schmidt,117501816,1842-10-04,Pest,https://www.geonames.org/3046446,13,,"Hans Volkmann (Hrsg.), Briefe von Robert Volkmann, Leipzig 1917"
7,Robert Volkmann,11876912X,August Schmidt,117501816,1842-10-14,Pest,https://www.geonames.org/3046446,15,,"Hans Volkmann (Hrsg.), Briefe von Robert Volkmann, Leipzig 1917"
9,Robert Volkmann,11876912X,Wilhelm Rust,116711728,1847-06-06,Pest,https://www.geonames.org/3046446,17,,"Hans Volkmann (Hrsg.), Briefe von Robert Volkmann, Leipzig 1917"
10,Robert Volkmann,11876912X,Wilhelm Rust,116711728,1847-07-09,Pest,https://www.geonames.org/3046446,20,,"Hans Volkmann (Hrsg.), Briefe von Robert Volkmann, Leipzig 1917"
11,Robert Volkmann,11876912X,Wilhelm Rust,116711728,1847-08-11,Pest,https://www.geonames.org/3046446,21,,"Hans Volkmann (Hrsg.), Briefe von Robert Volkmann, Leipzig 1917"
12,Robert Volkmann,11876912X,Wilhelm Rust,116711728,1847-09-27,Pest,https://www.geonames.org/3046446,22,,"Hans Volkmann (Hrsg.), Briefe von Robert Volkmann, Leipzig 1917"
13,Robert Volkmann,11876912X,Wilhelm Rust,116711728,1847-12-31,Pest,https://www.geonames.org/3046446,25,,"Hans Volkmann (Hrsg.), Briefe von Robert Volkmann, Leipzig 1917"
14,Robert Volkmann,11876912X,Wilhelm Rust,116711728,1848-03-09,Pest,https://www.geonames.org/3046446,29,,"Hans Volkmann (Hrsg.), Briefe von Robert Volkmann, Leipzig 1917"
15,Robert Volkmann,11876912X,Wilhelm Rust,116711728,1848-04-20,Pest,https://www.geonames.org/3046446,32,,"Hans Volkmann (Hrsg.), Briefe von Robert Volkmann, Leipzig 1917"
16,Robert Volkmann,11876912X,Wilhelm Rust,116711728,"{1849-08-27,1849-08-28}",Pest,https://www.geonames.org/3046446,36,,"Hans Volkmann (Hrsg.), Briefe von Robert Volkmann, Leipzig 1917"
17,Robert Volkmann,11876912X,Wilhelm Rust,116711728,"{1849-11-09,1849-11-10}",Pest,https://www.geonames.org/3046446,47,,"Hans Volkmann (Hrsg.), Briefe von Robert Volkmann, Leipzig 1917"
18,Robert Volkmann,11876912X,Wilhelm Rust,116711728,"{1850-07-17,1850-07-18}",Pest,https://www.geonames.org/3046446,65,,"Hans Volkmann (Hrsg.), Briefe von Robert Volkmann, Leipzig 1917"
19,Robert Volkmann,11876912X,Franz Liszt,118573527,1850-11-06,Pest,https://www.geonames.org/3046446,59,,"Hans Volkmann (Hrsg.), Briefe von Robert Volkmann, Leipzig 1917"
20,Robert Volkmann,11876912X,Franz Liszt,118573527,1851-12-06,Pest,https://www.geonames.org/3046446,61,,"Hans Volkmann (Hrsg.), Briefe von Robert Volkmann, Leipzig 1917"
21,Robert Volkmann,11876912X,Ferdinand David,102199191,1852-02-12,Pest,https://www.geonames.org/3046446,63,,"Hans Volkmann (Hrsg.), Briefe von Robert Volkmann, Leipzig 1917"
22,Robert Volkmann,11876912X,Franz Liszt,118573527,1852-02-15,Pest,https://www.geonames.org/3046446,66,,"Hans Volkmann (Hrsg.), Briefe von Robert Volkmann, Leipzig 1917"
23,Robert Volkmann,11876912X,Moritz Volkmann,120306212,1853-01-14,Pest,https://www.geonames.org/3046446,67,,"Hans Volkmann (Hrsg.), Briefe von Robert Volkmann, Leipzig 1917"
24,Robert Volkmann,11876912X,Carl Gurckhaus,116930535,1853-02-03,Pest,https://www.geonames.org/3046446,69,,"Hans Volkmann (Hrsg.), Briefe von Robert Volkmann, Leipzig 1917"
25,Robert Volkmann,11876912X,August Ferdinand Anacker,116303042,1853-05-14,Pest,https://www.geonames.org/3046446,71,,"Hans Volkmann (Hrsg.), Briefe von Robert Volkmann, Leipzig 1917"
26,Robert Volkmann,11876912X,Breitkopf & Härtel,64766-4,1853-06-09,Pest,https://www.geonames.org/3046446,74,,"Hans Volkmann (Hrsg.), Briefe von Robert Volkmann, Leipzig 1917"
27,Robert Volkmann,11876912X,Carl Gurckhaus,116930535,1853-10-22,Pest,https://www.geonames.org/3046446,75,,"Hans Volkmann (Hrsg.), Briefe von Robert Volkmann, Leipzig 1917"
28,Robert Volkmann,11876912X,Breitkopf & Härtel,64766-4,1853-11-26,Pest,https://www.geonames.org/3046446,76,,"Hans Volkmann (Hrsg.), Briefe von Robert Volkmann, Leipzig 1917"
29,Robert Volkmann,11876912X,Carl Gurckhaus,116930535,1853-11-27,Pest,https://www.geonames.org/3046446,78,,"Hans Volkmann (Hrsg.), Briefe von Robert Volkmann, Leipzig 1917"
30,Robert Volkmann,11876912X,Carl Gurckhaus,116930535,1853-12-05,Pest,https://www.geonames.org/3046446,80,,"Hans Volkmann (Hrsg.), Briefe von Robert Volkmann, Leipzig 1917"
31,Robert Volkmann,11876912X,Balthasar Elischer,1073364992,1854-01-05,Hof bei Riesa,https://www.geonames.org/2902765,80,,"Hans Volkmann (Hrsg.), Briefe von Robert Volkmann, Leipzig 1917"
32,Robert Volkmann,11876912X,Balthasar Elischer,1073364992,"{1854-02-22,1854-02-25}",Hof bei Riesa,https://www.geonames.org/2902765,88,,"Hans Volkmann (Hrsg.), Briefe von Robert Volkmann, Leipzig 1917"
33,Robert Volkmann,11876912X,Richard Pohl,116260564,1854-03-06,Dresden,https://www.geonames.org/2935022,90,,"Hans Volkmann (Hrsg.), Briefe von Robert Volkmann, Leipzig 1917"
34,Robert Volkmann,11876912X,Balthasar Elischer,1073364992,1854-04-06,Wien,https://www.geonames.org/2761369,91,,"Hans Volkmann (Hrsg.), Briefe von Robert Volkmann, Leipzig 1917"
35,Robert Volkmann,11876912X,Carl Gurckhaus,116930535,1854-05-08,Wien,https://www.geonames.org/2761369,92,,"Hans Volkmann (Hrsg.), Briefe von Robert Volkmann, Leipzig 1917"
36,Robert Volkmann,11876912X,Balthasar Elischer,1073364992,1854-06-22,Wien,https://www.geonames.org/2761369,94,,"Hans Volkmann (Hrsg.), Briefe von Robert Volkmann, Leipzig 1917"
37,Robert Volkmann,11876912X,Ignaz Pfeffer,,1854-09-17,Wien,https://www.geonames.org/2761369,100,,"Hans Volkmann (Hrsg.), Briefe von Robert Volkmann, Leipzig 1917"
38,Robert Volkmann,11876912X,Franz Brendel,119020742,1854-10-11,Wien,https://www.geonames.org/2761369,101,,"Hans Volkmann (Hrsg.), Briefe von Robert Volkmann, Leipzig 1917"
39,Robert Volkmann,11876912X,August Gottfried Ritter,116570881,1854-12-05,Wien,https://www.geonames.org/2761369,102,,"Hans Volkmann (Hrsg.), Briefe von Robert Volkmann, Leipzig 1917"
40,Robert Volkmann,11876912X,Friederike Hammer,,1855-01-11,Wien,https://www.geonames.org/2761369,103,,"Hans Volkmann (Hrsg.), Briefe von Robert Volkmann, Leipzig 1917"
41,Robert Volkmann,11876912X,Carl Gurckhaus,116930535,1855-01-26,Wien,https://www.geonames.org/2761369,105,,"Hans Volkmann (Hrsg.), Briefe von Robert Volkmann, Leipzig 1917"
42,Robert Volkmann,11876912X,Wilhelmine Elischer,,"{1855-05-04,1855-05-05}",Wien,https://www.geonames.org/2761369,107,,"Hans Volkmann (Hrsg.), Briefe von Robert Volkmann, Leipzig 1917"
43,Robert Volkmann,11876912X,Balthasar Elischer,1073364992,1855-05-12,Wien,https://www.geonames.org/2761369,110,,"Hans Volkmann (Hrsg.), Briefe von Robert Volkmann, Leipzig 1917"
44,Robert Volkmann,11876912X,Balthasar Elischer,1073364992,1855-06-28,Wien,https://www.geonames.org/2761369,114,,"Hans Volkmann (Hrsg.), Briefe von Robert Volkmann, Leipzig 1917"
45,Robert Volkmann,11876912X,Carl Gurckhaus,116930535,1855-07-17,Wien,https://www.geonames.org/2761369,115,,"Hans Volkmann (Hrsg.), Briefe von Robert Volkmann, Leipzig 1917"
46,Robert Volkmann,11876912X,Carl Gurckhaus,116930535,1855-07-24,Wien,https://www.geonames.org/2761369,117,,"Hans Volkmann (Hrsg.), Briefe von Robert Volkmann, Leipzig 1917"
47,Robert Volkmann,11876912X,Breitkopf & Härtel,64766-4,1855-07-31,Wien,https://www.geonames.org/2761369,118,,"Hans Volkmann (Hrsg.), Briefe von Robert Volkmann, Leipzig 1917"
48,Robert Volkmann,11876912X,Carl Gurckhaus,116930535,1855-09-01,Wien,https://www.geonames.org/2761369,120,,"Hans Volkmann (Hrsg.), Briefe von Robert Volkmann, Leipzig 1917"
49,Robert Volkmann,11876912X,Carl Gurckhaus,116930535,1855-09-08,Wien,https://www.geonames.org/2761369,121,,"Hans Volkmann (Hrsg.), Briefe von Robert Volkmann, Leipzig 1917"
50,Robert Volkmann,11876912X,Carl Gurckhaus,116930535,1855-09-10,Wien,https://www.geonames.org/2761369,123,,"Hans Volkmann (Hrsg.), Briefe von Robert Volkmann, Leipzig 1917"
51,Robert Volkmann,11876912X,Balthasar Elischer,1073364992,1855-09-17,Wien,https://www.geonames.org/2761369,126,,"Hans Volkmann (Hrsg.), Briefe von Robert Volkmann, Leipzig 1917"
52,Robert Volkmann,11876912X,Wilhelmine Elischer,,1855-12-08,Wien,https://www.geonames.org/2761369,126,,"Hans Volkmann (Hrsg.), Briefe von Robert Volkmann, Leipzig 1917"
53,Robert Volkmann,11876912X,Gustav Heckenast,118709445,1855-12-09,Wien,https://www.geonames.org/2761369,129,,"Hans Volkmann (Hrsg.), Briefe von Robert Volkmann, Leipzig 1917"
54,Robert Volkmann,11876912X,Breitkopf & Härtel,64766-4,1856-01-09,Wien,https://www.geonames.org/2761369,132,,"Hans Volkmann (Hrsg.), Briefe von Robert Volkmann, Leipzig 1917"
56,Robert Volkmann,11876912X,Carl Gurckhaus,116930535,1856-02-05,Wien,https://www.geonames.org/2761369,135,,"Hans Volkmann (Hrsg.), Briefe von Robert Volkmann, Leipzig 1917"
57,Robert Volkmann,11876912X,Carl Gurckhaus,116930535,1856-02-12,Wien,https://www.geonames.org/2761369,137,,"Hans Volkmann (Hrsg.), Briefe von Robert Volkmann, Leipzig 1917"
58,Robert Volkmann,11876912X,Georg Wigand;Karoline Wigand,117357103;113351586X,1856-02-23,Wien,https://www.geonames.org/2761369,139,,"Hans Volkmann (Hrsg.), Briefe von Robert Volkmann, Leipzig 1917"
59,Robert Volkmann,11876912X,Carl Gurckhaus,116930535,1856-03-10,Wien,https://www.geonames.org/2761369,140,,"Hans Volkmann (Hrsg.), Briefe von Robert Volkmann, Leipzig 1917"
60,Robert Volkmann,11876912X,Balthasar Elischer,1073364992,1856-06-28,Wien,https://www.geonames.org/2761369,142,,"Hans Volkmann (Hrsg.), Briefe von Robert Volkmann, Leipzig 1917"
61,Robert Volkmann,11876912X,Wilhelm Jurany,117240605,1856-07-28,Wien,https://www.geonames.org/2761369,143,,"Hans Volkmann (Hrsg.), Briefe von Robert Volkmann, Leipzig 1917"
62,Robert Volkmann,11876912X,Balthasar Elischer,1073364992,1856-08-25,Wien,https://www.geonames.org/2761369,144,,"Hans Volkmann (Hrsg.), Briefe von Robert Volkmann, Leipzig 1917"
63,Robert Volkmann,11876912X,Gustav Heckenast,118709445,"{1857-03-04,1857-03-05}",Wien,https://www.geonames.org/2761369,147,,"Hans Volkmann (Hrsg.), Briefe von Robert Volkmann, Leipzig 1917"
64,Robert Volkmann,11876912X,Oskar Volkmann,,1857-03-09,Wien,https://www.geonames.org/2761369,151,,"Hans Volkmann (Hrsg.), Briefe von Robert Volkmann, Leipzig 1917"
65,Robert Volkmann,11876912X,Carl Gurckhaus,116930535,1857-03-18,Wien,https://www.geonames.org/2761369,164,,"Hans Volkmann (Hrsg.), Briefe von Robert Volkmann, Leipzig 1917"
66,Robert Volkmann,11876912X,Franz Liszt,118573527,1857-06-30,Wien,https://www.geonames.org/2761369,157,,"Hans Volkmann (Hrsg.), Briefe von Robert Volkmann, Leipzig 1917"
67,Robert Volkmann,11876912X,Hans von Bülow,118664638,1857-09-21,Wien,https://www.geonames.org/2761369,169,,"Hans Volkmann (Hrsg.), Briefe von Robert Volkmann, Leipzig 1917"
68,Robert Volkmann,11876912X,Franz Liszt,118573527,1857-11-10,Wien,https://www.geonames.org/2761369,161,,"Hans Volkmann (Hrsg.), Briefe von Robert Volkmann, Leipzig 1917"
69,Robert Volkmann,11876912X,Gustav Heckenast,118709445,1857-11-22,Wien,https://www.geonames.org/2761369,163,,"Hans Volkmann (Hrsg.), Briefe von Robert Volkmann, Leipzig 1917"
70,Robert Volkmann,11876912X,Balthasar Elischer,1073364992,1857-11-26,Wien,https://www.geonames.org/2761369,163,,"Hans Volkmann (Hrsg.), Briefe von Robert Volkmann, Leipzig 1917"
71,Robert Volkmann,11876912X,Gustav Heckenast,118709445,1857-11-27,Wien,https://www.geonames.org/2761369,165,,"Hans Volkmann (Hrsg.), Briefe von Robert Volkmann, Leipzig 1917"
72,Robert Volkmann,11876912X,Balthasar Elischer,1073364992,1868-10-20,Maróth,,165,,"Hans Volkmann (Hrsg.), Briefe von Robert Volkmann, Leipzig 1917"
73,Robert Volkmann,11876912X,Marianne Anacker,1211865274,1859-12-12,Pest,https://www.geonames.org/3046446,167,,"Hans Volkmann (Hrsg.), Briefe von Robert Volkmann, Leipzig 1917"
74,Robert Volkmann,11876912X,Oskar Volkmann,,1860-03-16,Pest,https://www.geonames.org/3046446,168,,"Hans Volkmann (Hrsg.), Briefe von Robert Volkmann, Leipzig 1917"
75,Robert Volkmann,11876912X,Marianne Anacker,1211865274,1860-03-24,Pest,https://www.geonames.org/3046446,170,,"Hans Volkmann (Hrsg.), Briefe von Robert Volkmann, Leipzig 1917"
76,Robert Volkmann,11876912X,Balthasar Elischer,1073364992,1860-12-02,Wien,https://www.geonames.org/2761369,171,,"Hans Volkmann (Hrsg.), Briefe von Robert Volkmann, Leipzig 1917"
77,Robert Volkmann,11876912X,Balthasar Elischer,1073364992,1862-02-09,Festung Ofen,https://www.geonames.org/3054667,173,,"Hans Volkmann (Hrsg.), Briefe von Robert Volkmann, Leipzig 1917"
78,Robert Volkmann,11876912X,Wilhelmine Elischer,,1862-02-11,Festung Ofen,https://www.geonames.org/3054667,174,,"Hans Volkmann (Hrsg.), Briefe von Robert Volkmann, Leipzig 1917"
79,Robert Volkmann,11876912X,Direktion der Gesellschaft der Musikfreunde in Wien,5541564-7,1862-05-29,Pest,https://www.geonames.org/3046446,176,,"Hans Volkmann (Hrsg.), Briefe von Robert Volkmann, Leipzig 1917"
80,Robert Volkmann,11876912X,A. von Parmentier,,1862-09-04,Pest,https://www.geonames.org/3046446,179,,"Hans Volkmann (Hrsg.), Briefe von Robert Volkmann, Leipzig 1917"
81,Robert Volkmann,11876912X,Gustav Heckenast,118709445,1863-06-07,Pilis-Maróth,https://www.geonames.org/3046355,180,,"Hans Volkmann (Hrsg.), Briefe von Robert Volkmann, Leipzig 1917"
82,Robert Volkmann,11876912X,Franz Doppler,116180064,1864-02-25,Pest,https://www.geonames.org/3046446,182,,"Hans Volkmann (Hrsg.), Briefe von Robert Volkmann, Leipzig 1917"
83,Robert Volkmann,11876912X,Franz Brendel,119020742,1864-06-12,Pest,https://www.geonames.org/3046446,183,,"Hans Volkmann (Hrsg.), Briefe von Robert Volkmann, Leipzig 1917"
84,Robert Volkmann,11876912X,Wilhelm Rust,116711728,1864-07-20,Pilis-Maróth,https://www.geonames.org/3046355,184,,"Hans Volkmann (Hrsg.), Briefe von Robert Volkmann, Leipzig 1917"
85,Robert Volkmann,11876912X,Edmund Singer,117401625,1864-08-27,Pilis-Maróth,https://www.geonames.org/3046355,188,,"Hans Volkmann (Hrsg.), Briefe von Robert Volkmann, Leipzig 1917"
86,Robert Volkmann,11876912X,Karl Thern,117302791,1864-09-28,Pilis-Maróth,https://www.geonames.org/3046355,191,,"Hans Volkmann (Hrsg.), Briefe von Robert Volkmann, Leipzig 1917"
87,Robert Volkmann,11876912X,Edmund Singer,117401625,1864-10-25,Pest,https://www.geonames.org/3046446,193,,"Hans Volkmann (Hrsg.), Briefe von Robert Volkmann, Leipzig 1917"
88,Robert Volkmann,11876912X,Karl Thern,117302791,1864-12-14,Pest,https://www.geonames.org/3046446,195,,"Hans Volkmann (Hrsg.), Briefe von Robert Volkmann, Leipzig 1917"
89,Robert Volkmann,11876912X,Ludwig Foglar,116643447,1865-01-11,Pest,https://www.geonames.org/3046446,198,,"Hans Volkmann (Hrsg.), Briefe von Robert Volkmann, Leipzig 1917"
90,Robert Volkmann,11876912X,Ludwig Foglar,116643447,1866-01-17,Pest,https://www.geonames.org/3046446,200,,"Hans Volkmann (Hrsg.), Briefe von Robert Volkmann, Leipzig 1917"
91,Robert Volkmann,11876912X,Ludwig Foglar,116643447,1866-01-27,Pest,https://www.geonames.org/3046446,205,,"Hans Volkmann (Hrsg.), Briefe von Robert Volkmann, Leipzig 1917"
92,Robert Volkmann,11876912X,Karl Thern,117302791,1865-03-11,Pest,https://www.geonames.org/3046446,213,,"Hans Volkmann (Hrsg.), Briefe von Robert Volkmann, Leipzig 1917"
93,Robert Volkmann,11876912X,Ludwig Foglar,116643447,1865-04-02,Pest,https://www.geonames.org/3046446,216,,"Hans Volkmann (Hrsg.), Briefe von Robert Volkmann, Leipzig 1917"
94,Robert Volkmann,11876912X,Karl Thern,117302791,"{1866-04-25,1866-05-01}",Pest,https://www.geonames.org/3046446,222,,"Hans Volkmann (Hrsg.), Briefe von Robert Volkmann, Leipzig 1917"
95,Robert Volkmann,11876912X,Wilhelm Rust,116711728,1865-05-07,Pest,https://www.geonames.org/3046446,234,,"Hans Volkmann (Hrsg.), Briefe von Robert Volkmann, Leipzig 1917"
96,Robert Volkmann,11876912X,Karl Thern,117302791,1865-05-20,Gersdorf,https://www.geonames.org/2920934,233,,"Hans Volkmann (Hrsg.), Briefe von Robert Volkmann, Leipzig 1917"
97,Robert Volkmann,11876912X,Gustav Heckenast,118709445,"{1865-05-28,1865-05-31}",Berlin,https://www.geonames.org/2950159,235,,"Hans Volkmann (Hrsg.), Briefe von Robert Volkmann, Leipzig 1917"
98,Robert Volkmann,11876912X,Gustav Heckenast,118709445,1866-06-22,Plauen,https://www.geonames.org/2853292,238,,"Hans Volkmann (Hrsg.), Briefe von Robert Volkmann, Leipzig 1917"
99,Robert Volkmann,11876912X,Balthasar Elischer,1073364992,1865-06-24,Gersdorf,https://www.geonames.org/2920934,240,,"Hans Volkmann (Hrsg.), Briefe von Robert Volkmann, Leipzig 1917"
100,Robert Volkmann,11876912X,Friederike Hammer,,1865-06-27,Gersdorf,https://www.geonames.org/2920934,242,,"Hans Volkmann (Hrsg.), Briefe von Robert Volkmann, Leipzig 1917"
101,Robert Volkmann,11876912X,Ludwig Dessoir,118671650,1865-07-06,Niederlößnitz,https://www.geonames.org/2863147,244,,"Hans Volkmann (Hrsg.), Briefe von Robert Volkmann, Leipzig 1917"
102,Robert Volkmann,11876912X,Karl Thern,117302791,1865-07-21,Pest,https://www.geonames.org/3046446,246,,"Hans Volkmann (Hrsg.), Briefe von Robert Volkmann, Leipzig 1917"
103,Robert Volkmann,11876912X,Wilhelm Rust,116711728,1865-08-26,Pest,https://www.geonames.org/3046446,247,,"Hans Volkmann (Hrsg.), Briefe von Robert Volkmann, Leipzig 1917"
104,Robert Volkmann,11876912X,Karl Thern,117302791,1865-09-27,Pilis-Maróth,https://www.geonames.org/3046355,251,,"Hans Volkmann (Hrsg.), Briefe von Robert Volkmann, Leipzig 1917"
105,Robert Volkmann,11876912X,Wilhelm Rust,116711728,1866-11-04,Pest,https://www.geonames.org/3046446,252,,"Hans Volkmann (Hrsg.), Briefe von Robert Volkmann, Leipzig 1917"
106,Robert Volkmann,11876912X,Karl Thern,117302791,1865-12-29,Festung Ofen,https://www.geonames.org/3054667,253,,"Hans Volkmann (Hrsg.), Briefe von Robert Volkmann, Leipzig 1917"
107,Robert Volkmann,11876912X,Karl Gille,117737623,1866-02-18,Pest,https://www.geonames.org/3046446,257,,"Hans Volkmann (Hrsg.), Briefe von Robert Volkmann, Leipzig 1917"
108,Robert Volkmann,11876912X,Karl Thern,117302791,1866-02-20,Pest,https://www.geonames.org/3046446,258,,"Hans Volkmann (Hrsg.), Briefe von Robert Volkmann, Leipzig 1917"
109,Robert Volkmann,11876912X,Karl Thern,117302791,1866-04-02,Festung Ofen,https://www.geonames.org/3054667,261,,"Hans Volkmann (Hrsg.), Briefe von Robert Volkmann, Leipzig 1917"
110,Robert Volkmann,11876912X,Karl Thern,117302791,1866-05-15,Festung Ofen,https://www.geonames.org/3054667,265,,"Hans Volkmann (Hrsg.), Briefe von Robert Volkmann, Leipzig 1917"
111,Robert Volkmann,11876912X,Julius Epstein,116652357,1866-12-06,Pest,https://www.geonames.org/3046446,267,,"Hans Volkmann (Hrsg.), Briefe von Robert Volkmann, Leipzig 1917"
112,Robert Volkmann,11876912X,Karl Thern,117302791,1867-01-10,Festung Ofen,https://www.geonames.org/3054667,271,,"Hans Volkmann (Hrsg.), Briefe von Robert Volkmann, Leipzig 1917"
113,Robert Volkmann,11876912X,Julius Bellmann,1326958054,1867-05-22,Pest,https://www.geonames.org/3046446,274,,"Hans Volkmann (Hrsg.), Briefe von Robert Volkmann, Leipzig 1917"
114,Robert Volkmann,11876912X,Karl Thern,117302791,1867-06-12/1867-06-13,Pest,https://www.geonames.org/3046446,276,,"Hans Volkmann (Hrsg.), Briefe von Robert Volkmann, Leipzig 1917"
115,Robert Volkmann,11876912X,Rudolph Fuchs,,1867-09-26,Pilis-Maróth,https://www.geonames.org/3046355,280,,"Hans Volkmann (Hrsg.), Briefe von Robert Volkmann, Leipzig 1917"
116,Robert Volkmann,11876912X,Karl Thern,117302791,1867-11-26,Ofen,https://www.geonames.org/3054667,282,,"Hans Volkmann (Hrsg.), Briefe von Robert Volkmann, Leipzig 1917"
117,Robert Volkmann,11876912X,Joseph Hellmesberger,103787038,1867-12-06,Festung Ofen,https://www.geonames.org/3054667,284,,"Hans Volkmann (Hrsg.), Briefe von Robert Volkmann, Leipzig 1917"
119,Robert Volkmann,11876912X,Bernhard Scholz,116902930,1868-02-21,Pest,https://www.geonames.org/3046446,288,,"Hans Volkmann (Hrsg.), Briefe von Robert Volkmann, Leipzig 1917"
120,Robert Volkmann,11876912X,Louis Ehlert,116379987,1868-03-28,Pest,https://www.geonames.org/3046446,289,,"Hans Volkmann (Hrsg.), Briefe von Robert Volkmann, Leipzig 1917"
121,Robert Volkmann,11876912X,Carl Riedel,116534060,1868-04-24,Pest,https://www.geonames.org/3046446,292,,"Hans Volkmann (Hrsg.), Briefe von Robert Volkmann, Leipzig 1917"
122,Robert Volkmann,11876912X,Louis Ehlert,116379987,1868-05-25,Ofen,https://www.geonames.org/3054667,294,,"Hans Volkmann (Hrsg.), Briefe von Robert Volkmann, Leipzig 1917"
124,Robert Volkmann,11876912X,Oskar Volkmann,,1868-06-23,Ofen,https://www.geonames.org/3054667,299,,"Hans Volkmann (Hrsg.), Briefe von Robert Volkmann, Leipzig 1917"
125,Robert Volkmann,11876912X,Louis Ehlert,116379987,1868,,,302,,"Hans Volkmann (Hrsg.), Briefe von Robert Volkmann, Leipzig 1917"
128,Robert Volkmann,11876912X,Carl Riedel,116534060,1869-05-19,Pest,https://www.geonames.org/3046446,311,,"Hans Volkmann (Hrsg.), Briefe von Robert Volkmann, Leipzig 1917"
129,Robert Volkmann,11876912X,Gustav Heckenast,118709445,1869-07-31,Ofen,https://www.geonames.org/3054667,313,,"Hans Volkmann (Hrsg.), Briefe von Robert Volkmann, Leipzig 1917"
130,Robert Volkmann,11876912X,Julius Altmann,116295058,1870-05-10,Ofen,https://www.geonames.org/3054667,316,,"Hans Volkmann (Hrsg.), Briefe von Robert Volkmann, Leipzig 1917"
131,Robert Volkmann,11876912X,Hermann John,1158388713,1870-07-02,Ofen,https://www.geonames.org/3054667,320,,"Hans Volkmann (Hrsg.), Briefe von Robert Volkmann, Leipzig 1917"
132,Robert Volkmann,11876912X,Otto Dessoff,116085053,1870-09-24,Ofen,https://www.geonames.org/3054667,321,,"Hans Volkmann (Hrsg.), Briefe von Robert Volkmann, Leipzig 1917"
133,Robert Volkmann,11876912X,Otto Dessoff,116085053,1870-09-28,Ofen,https://www.geonames.org/3054667,323,,"Hans Volkmann (Hrsg.), Briefe von Robert Volkmann, Leipzig 1917"
134,Robert Volkmann,11876912X,Ottilie Ebner,116333979,1870-11-25,Ofen,https://www.geonames.org/3054667,326,,"Hans Volkmann (Hrsg.), Briefe von Robert Volkmann, Leipzig 1917"
135,Robert Volkmann,11876912X,Bernhard Vogel,1024780767,1871-08-01,Ofen,https://www.geonames.org/3054667,327,,"Hans Volkmann (Hrsg.), Briefe von Robert Volkmann, Leipzig 1917"
136,Robert Volkmann,11876912X,Gustav Heckenast,118709445,1871-08-04,Ofen,https://www.geonames.org/3054667,328,,"Hans Volkmann (Hrsg.), Briefe von Robert Volkmann, Leipzig 1917"
137,Robert Volkmann,11876912X,Johannes Batka,116081368,1871-10-21,Ofen,https://www.geonames.org/3054667,329,,"Hans Volkmann (Hrsg.), Briefe von Robert Volkmann, Leipzig 1917"
138,Robert Volkmann,11876912X,Julius Altmann,116295058,1871-10-22,Ofen,https://www.geonames.org/3054667,331,,"Hans Volkmann (Hrsg.), Briefe von Robert Volkmann, Leipzig 1917"
139,Robert Volkmann,11876912X,Otto Dessoff,116085053,1871-12-22,Ofen,https://www.geonames.org/3054667,332,,"Hans Volkmann (Hrsg.), Briefe von Robert Volkmann, Leipzig 1917"
140,Robert Volkmann,11876912X,Johannes Batka,116081368,1871-12-23,Ofen,https://www.geonames.org/3054667,333,,"Hans Volkmann (Hrsg.), Briefe von Robert Volkmann, Leipzig 1917"
141,Robert Volkmann,11876912X,Johannes Batka,116081368,1872-01-03,Pest,https://www.geonames.org/3046446,336,,"Hans Volkmann (Hrsg.), Briefe von Robert Volkmann, Leipzig 1917"
142,Robert Volkmann,11876912X,Franz Doppler,116180064,1872-11-15,Ofen,https://www.geonames.org/3054667,338,,"Hans Volkmann (Hrsg.), Briefe von Robert Volkmann, Leipzig 1917"
143,Robert Volkmann,11876912X,Johannes Batka,116081368,1872-11-29,Ofen,https://www.geonames.org/3054667,339,,"Hans Volkmann (Hrsg.), Briefe von Robert Volkmann, Leipzig 1917"
144,Robert Volkmann,11876912X,Eduard Ebner,1073449912,1872-12-02,Pest,https://www.geonames.org/3046446,341,,"Hans Volkmann (Hrsg.), Briefe von Robert Volkmann, Leipzig 1917"
145,Robert Volkmann,11876912X,Johannes Batka,116081368,1872-12-20,Ofen,https://www.geonames.org/3054667,342,,"Hans Volkmann (Hrsg.), Briefe von Robert Volkmann, Leipzig 1917"
146,Robert Volkmann,11876912X,Graf Géza Zichy,116985925,1872-12-31,Ofen,https://www.geonames.org/3054667,343,,"Hans Volkmann (Hrsg.), Briefe von Robert Volkmann, Leipzig 1917"
147,Robert Volkmann,11876912X,Johannes Batka,116081368,1873-01-08,Ofen,https://www.geonames.org/3054667,345,,"Hans Volkmann (Hrsg.), Briefe von Robert Volkmann, Leipzig 1917"
148,Robert Volkmann,11876912X,Heinrich Köstlin,116301635,1873-02-06,Ofen,https://www.geonames.org/3054667,354,,"Hans Volkmann (Hrsg.), Briefe von Robert Volkmann, Leipzig 1917"
149,Robert Volkmann,11876912X,Otto Dessoff,116085053,1873-02-07,Ofen,https://www.geonames.org/3054667,356,,"Hans Volkmann (Hrsg.), Briefe von Robert Volkmann, Leipzig 1917"
150,Robert Volkmann,11876912X,Wilhelm Rust,116711728,1873-03-17,Ofen,https://www.geonames.org/3054667,357,,"Hans Volkmann (Hrsg.), Briefe von Robert Volkmann, Leipzig 1917"
151,Robert Volkmann,11876912X,Ludwig Hartmann,116498889,1873-03-21,Ofen,,359,,"Hans Volkmann (Hrsg.), Briefe von Robert Volkmann, Leipzig 1917"
152,Robert Volkmann,11876912X,Graf Emerich Széchényi,1042167141,1873-04-06,Ofen,https://www.geonames.org/3054667,363,,"Hans Volkmann (Hrsg.), Briefe von Robert Volkmann, Leipzig 1917"
153,Robert Volkmann,11876912X,Graf Géza Zichy,116985925,1873-05-13,Ofen,https://www.geonames.org/3054667,364,,"Hans Volkmann (Hrsg.), Briefe von Robert Volkmann, Leipzig 1917"
154,Robert Volkmann,11876912X,Johannes Batka,116081368,1873-06-05,Ofen,https://www.geonames.org/3054667,366,,"Hans Volkmann (Hrsg.), Briefe von Robert Volkmann, Leipzig 1917"
155,Robert Volkmann,11876912X,Aloys Gogela,,1873-06-05,Ofen,https://www.geonames.org/3054667,367,,"Hans Volkmann (Hrsg.), Briefe von Robert Volkmann, Leipzig 1917"
156,Robert Volkmann,11876912X,Karl Winckler,,1873-06-23,Ofen,https://www.geonames.org/3054667,369,,"Hans Volkmann (Hrsg.), Briefe von Robert Volkmann, Leipzig 1917"
157,Robert Volkmann,11876912X,Graf Géza Zichy,116985925,1873-06-27,Ofen,https://www.geonames.org/3054667,371,,"Hans Volkmann (Hrsg.), Briefe von Robert Volkmann, Leipzig 1917"
158,Robert Volkmann,11876912X,Johannes Batka,116081368,1873-06-27,Ofen,https://www.geonames.org/3054667,372,,"Hans Volkmann (Hrsg.), Briefe von Robert Volkmann, Leipzig 1917"
159,Robert Volkmann,11876912X,Johannes Batka,116081368,1873-06-30,Ofen,https://www.geonames.org/3054667,374,,"Hans Volkmann (Hrsg.), Briefe von Robert Volkmann, Leipzig 1917"
160,Robert Volkmann,11876912X,Johannes Batka,116081368,1873-07-01,Ofen,https://www.geonames.org/3054667,375,,"Hans Volkmann (Hrsg.), Briefe von Robert Volkmann, Leipzig 1917"
161,Robert Volkmann,11876912X,Graf Géza Zichy,116985925,1873-08-05,Wien,https://www.geonames.org/2761369,375,,"Hans Volkmann (Hrsg.), Briefe von Robert Volkmann, Leipzig 1917"
162,Robert Volkmann,11876912X,Graf Géza Zichy,116985925,1873-08-24,Ofen,https://www.geonames.org/3054667,377,,"Hans Volkmann (Hrsg.), Briefe von Robert Volkmann, Leipzig 1917"
163,Robert Volkmann,11876912X,Graf Géza Zichy,116985925,1873-08-25,Ofen,https://www.geonames.org/3054667,384,,"Hans Volkmann (Hrsg.), Briefe von Robert Volkmann, Leipzig 1917"
164,Robert Volkmann,11876912X,Vorsitzender des Allgemeinen Deutschen Musikvereins,,1873-10-24,Ofen,https://www.geonames.org/3054667,386,,"Hans Volkmann (Hrsg.), Briefe von Robert Volkmann, Leipzig 1917"
165,Robert Volkmann,11876912X,Johannes Batka,116081368,1873-10-25,Ofen,https://www.geonames.org/3054667,387,,"Hans Volkmann (Hrsg.), Briefe von Robert Volkmann, Leipzig 1917"
166,Robert Volkmann,11876912X,Graf Géza Zichy,116985925,1874-04-18,Ofen,https://www.geonames.org/3054667,388,,"Hans Volkmann (Hrsg.), Briefe von Robert Volkmann, Leipzig 1917"
167,Robert Volkmann,11876912X,Graf Victor Wimpffen,117581658,1874-04-28,Ofen,https://www.geonames.org/3054667,389,,"Hans Volkmann (Hrsg.), Briefe von Robert Volkmann, Leipzig 1917"
168,Robert Volkmann,11876912X,Graf Géza Zichy,116985925,1874-05-09,Ofen,https://www.geonames.org/3054667,391,,"Hans Volkmann (Hrsg.), Briefe von Robert Volkmann, Leipzig 1917"
169,Robert Volkmann,11876912X,Graf Géza Zichy,116985925,1874-05-25,Ofen,https://www.geonames.org/3054667,393,,"Hans Volkmann (Hrsg.), Briefe von Robert Volkmann, Leipzig 1917"
170,Robert Volkmann,11876912X,Graf Géza Zichy,116985925,1874-07-17,Ofen,https://www.geonames.org/3054667,394,,"Hans Volkmann (Hrsg.), Briefe von Robert Volkmann, Leipzig 1917"
171,Robert Volkmann,11876912X,Aloys Gogela,,1874-07-17,Ofen,https://www.geonames.org/3054667,397,,"Hans Volkmann (Hrsg.), Briefe von Robert Volkmann, Leipzig 1917"
172,Robert Volkmann,11876912X,Eduard Stocker,117261262,1874-08-08,Ofen,https://www.geonames.org/3054667,398,,"Hans Volkmann (Hrsg.), Briefe von Robert Volkmann, Leipzig 1917"
173,Robert Volkmann,11876912X,Eduard Stocker,117261262,1874-10-03,Wien,https://www.geonames.org/2761369,375,,"Hans Volkmann (Hrsg.), Briefe von Robert Volkmann, Leipzig 1917"
174,Robert Volkmann,11876912X,Graf Géza Zichy,116985925,1874-10-15,Ofen,https://www.geonames.org/3054667,400,,"Hans Volkmann (Hrsg.), Briefe von Robert Volkmann, Leipzig 1917"
175,Robert Volkmann,11876912X,Johannes Brahms,118514253,1874-12,Budapest,https://www.geonames.org/3054643,402,,"Hans Volkmann (Hrsg.), Briefe von Robert Volkmann, Leipzig 1917"
176,Robert Volkmann,11876912X,Herrmann Scholtz,116902299,1875-01-08,Budapest,https://www.geonames.org/3054643,404,,"Hans Volkmann (Hrsg.), Briefe von Robert Volkmann, Leipzig 1917"
177,Robert Volkmann,11876912X,Carl Reinecke,119388472,1875-01-10,Budapest,https://www.geonames.org/3054643,409,,"Hans Volkmann (Hrsg.), Briefe von Robert Volkmann, Leipzig 1917"
179,Robert Volkmann,11876912X,Graf Géza Zichy,116985925,1875-06-13,Budapest,https://www.geonames.org/3054643,412,,"Hans Volkmann (Hrsg.), Briefe von Robert Volkmann, Leipzig 1917"
180,Robert Volkmann,11876912X,Oskar Volkmann,,1875-06-18,Budapest,https://www.geonames.org/3054643,414,,"Hans Volkmann (Hrsg.), Briefe von Robert Volkmann, Leipzig 1917"
181,Robert Volkmann,11876912X,Alexander W. Thayer,117300403,1875-08-23,Budapest,https://www.geonames.org/3054643,417,,"Hans Volkmann (Hrsg.), Briefe von Robert Volkmann, Leipzig 1917"
182,Robert Volkmann,11876912X,Graf Géza Zichy,116985925,1875-09-11,Budapest,https://www.geonames.org/3054643,420,,"Hans Volkmann (Hrsg.), Briefe von Robert Volkmann, Leipzig 1917"
183,Robert Volkmann,11876912X,Carl Reinecke,119388472,1875-10-01,Ofen,https://www.geonames.org/3054667,421,,"Hans Volkmann (Hrsg.), Briefe von Robert Volkmann, Leipzig 1917"
184,Robert Volkmann,11876912X,Ludwig Csepregi,,1876-02-14,Ofen,https://www.geonames.org/3054667,423,,"Hans Volkmann (Hrsg.), Briefe von Robert Volkmann, Leipzig 1917"
185,Robert Volkmann,11876912X,Professor Linzbauer,1019535415,1876-04-22,Ofen,https://www.geonames.org/3054667,424,,"Hans Volkmann (Hrsg.), Briefe von Robert Volkmann, Leipzig 1917"
186,Robert Volkmann,11876912X,Graf Géza Zichy,116985925,1876-06-28,Budapest,https://www.geonames.org/3054643,427,,"Hans Volkmann (Hrsg.), Briefe von Robert Volkmann, Leipzig 1917"
187,Robert Volkmann,11876912X,Graf Géza Zichy,116985925,1876-07-22,Festung Ofen,https://www.geonames.org/3054667,428,,"Hans Volkmann (Hrsg.), Briefe von Robert Volkmann, Leipzig 1917"
188,Robert Volkmann,11876912X,Ernst Pauer,116060514,1876-08-07,Budapest,https://www.geonames.org/3054643,430,,"Hans Volkmann (Hrsg.), Briefe von Robert Volkmann, Leipzig 1917"
190,Robert Volkmann,11876912X,Julius von Simonyi,,1877-01-01,Budapest,https://www.geonames.org/3054643,433,,"Hans Volkmann (Hrsg.), Briefe von Robert Volkmann, Leipzig 1917"
191,Robert Volkmann,11876912X,Ignaz Pfeffer,,1877-02-27,Festung Ofen,https://www.geonames.org/3054667,434,,"Hans Volkmann (Hrsg.), Briefe von Robert Volkmann, Leipzig 1917"
192,Robert Volkmann,11876912X,Heinrich Kotzolt,11634542X,1878-01-19,Budapest,https://www.geonames.org/3054643,435,,"Hans Volkmann (Hrsg.), Briefe von Robert Volkmann, Leipzig 1917"
193,Robert Volkmann,11876912X,Ágoston von Trefort,117408603,1878,,,436,,"Hans Volkmann (Hrsg.), Briefe von Robert Volkmann, Leipzig 1917"
194,Robert Volkmann,11876912X,B. Schotts Söhne,4053219-7,1878-10-19/1878-10-20,Budapest,https://www.geonames.org/3054643,437,,"Hans Volkmann (Hrsg.), Briefe von Robert Volkmann, Leipzig 1917"
195,Robert Volkmann,11876912X,B. Schotts Söhne,4053219-7,1878-10-21/1878-10-23,Budapest,https://www.geonames.org/3054643,439,,"Hans Volkmann (Hrsg.), Briefe von Robert Volkmann, Leipzig 1917"
196,Robert Volkmann,11876912X,Ernst Friedrich Richter,116510927,1878-11-19,Budapest,https://www.geonames.org/3054643,442,,"Hans Volkmann (Hrsg.), Briefe von Robert Volkmann, Leipzig 1917"
197,Robert Volkmann,11876912X,Heinrich Kotzolt,11634542X,1878-12-04,Budapest,https://www.geonames.org/3054643,443,,"Hans Volkmann (Hrsg.), Briefe von Robert Volkmann, Leipzig 1917"
198,Robert Volkmann,11876912X,Wilhelm Rust,116711728,"{1879-05-07,1879-05-22}",Budapest,https://www.geonames.org/3054643,444,,"Hans Volkmann (Hrsg.), Briefe von Robert Volkmann, Leipzig 1917"
199,Robert Volkmann,11876912X,Constantin Bürgel,1076420702,1879-06-13,Budapest,https://www.geonames.org/3054643,446,,"Hans Volkmann (Hrsg.), Briefe von Robert Volkmann, Leipzig 1917"
200,Robert Volkmann,11876912X,Wilhelm Rust,116711728,1879-07-20,Budapest,https://www.geonames.org/3054643,447,,"Hans Volkmann (Hrsg.), Briefe von Robert Volkmann, Leipzig 1917"
201,Robert Volkmann,11876912X,Wilhelm Rust,116711728,1879-08-18,Budapest,https://www.geonames.org/3054643,449,,"Hans Volkmann (Hrsg.), Briefe von Robert Volkmann, Leipzig 1917"
202,Robert Volkmann,11876912X,Franz Erkel,118530801,1879-09-13,Budapest,https://www.geonames.org/3054643,451,,"Hans Volkmann (Hrsg.), Briefe von Robert Volkmann, Leipzig 1917"
203,Robert Volkmann,11876912X,Wilhelm Rust,116711728,1879-09-26,Budapest,https://www.geonames.org/3054643,463,,"Hans Volkmann (Hrsg.), Briefe von Robert Volkmann, Leipzig 1917"
204,Robert Volkmann,11876912X,Wilhelm Rust,116711728,1879-12-30,Budapest,https://www.geonames.org/3054643,454,,"Hans Volkmann (Hrsg.), Briefe von Robert Volkmann, Leipzig 1917"
206,Robert Volkmann,11876912X,Wilhelm Rust,116711728,1880-02-10,Budapest,https://www.geonames.org/3054643,468,,"Hans Volkmann (Hrsg.), Briefe von Robert Volkmann, Leipzig 1917"
206,Robert Volkmann,11876912X,Wilhelm Rust,116711728,1880-09-28,Budapest,https://www.geonames.org/3054643,469,,"Hans Volkmann (Hrsg.), Briefe von Robert Volkmann, Leipzig 1917"
207,Robert Volkmann,11876912X,Heinrich Zöllner,117010235,"{1880-09-30,1880-10-01}",Budapest,https://www.geonames.org/3054643,462,,"Hans Volkmann (Hrsg.), Briefe von Robert Volkmann, Leipzig 1917"
208,Robert Volkmann,11876912X,Wilhelm Rust,116711728,1881-06-17,Budapest,https://www.geonames.org/3054643,463,,"Hans Volkmann (Hrsg.), Briefe von Robert Volkmann, Leipzig 1917"
209,Robert Volkmann,11876912X,Wilhelm Rust,116711728,1881-07-04,Budapest,https://www.geonames.org/3054643,464,,"Hans Volkmann (Hrsg.), Briefe von Robert Volkmann, Leipzig 1917"
210,Robert Volkmann,11876912X,Wilhelm Rust,116711728,1881-07-10,Budapest,https://www.geonames.org/3054643,466,,"Hans Volkmann (Hrsg.), Briefe von Robert Volkmann, Leipzig 1917"
211,Robert Volkmann,11876912X,Julius J. Mayer,,1881-07-25,Budapest,https://www.geonames.org/3054643,468,,"Hans Volkmann (Hrsg.), Briefe von Robert Volkmann, Leipzig 1917"
212,Robert Volkmann,11876912X,Ferdinand von Hiller,118704931,1881-07-27,Budapest,https://www.geonames.org/3054643,469,,"Hans Volkmann (Hrsg.), Briefe von Robert Volkmann, Leipzig 1917"
213,Robert Volkmann,11876912X,Julius J. Mayer,,1881-08-19,Budapest,https://www.geonames.org/3054643,471,,"Hans Volkmann (Hrsg.), Briefe von Robert Volkmann, Leipzig 1917"
214,Robert Volkmann,11876912X,Wilhelm Rust,116711728,1881-09-25,Budapest,https://www.geonames.org/3054643,472,,"Hans Volkmann (Hrsg.), Briefe von Robert Volkmann, Leipzig 1917"
215,Robert Volkmann,11876912X,Johannes Batka,116081368,1882-01-01,Budapest,https://www.geonames.org/3054643,475,,"Hans Volkmann (Hrsg.), Briefe von Robert Volkmann, Leipzig 1917"
216,Robert Volkmann,11876912X,Wilhelm Rust,116711728,1882-08-01,Bad Kissingen,https://www.geonames.org/2953424,476,,"Hans Volkmann (Hrsg.), Briefe von Robert Volkmann, Leipzig 1917"
217,Robert Volkmann,11876912X,Johannes Batka,116081368,1882-11-06,Budapest,https://www.geonames.org/3054643,478,,"Hans Volkmann (Hrsg.), Briefe von Robert Volkmann, Leipzig 1917"
218,Robert Volkmann,11876912X,Anna Weidel-Pokorny,,1882-11-07,Budapest,https://www.geonames.org/3054643,479,,"Hans Volkmann (Hrsg.), Briefe von Robert Volkmann, Leipzig 1917"
219,Robert Volkmann,11876912X,Anna Weidel-Pokorny,,1882-11-09,Budapest,https://www.geonames.org/3054643,481,,"Hans Volkmann (Hrsg.), Briefe von Robert Volkmann, Leipzig 1917"
220,Robert Volkmann,11876912X,Anna Weidel-Pokorny,,1882-11-19,Budapest,https://www.geonames.org/3054643,483,,"Hans Volkmann (Hrsg.), Briefe von Robert Volkmann, Leipzig 1917"
221,Robert Volkmann,11876912X,Anna Weidel-Pokorny,,1883-01-26,Budapest,https://www.geonames.org/3054643,484,,"Hans Volkmann (Hrsg.), Briefe von Robert Volkmann, Leipzig 1917"
222,Robert Volkmann,11876912X,Anna Weidel-Pokorny,,1883-02-01,,,487,,"Hans Volkmann (Hrsg.), Briefe von Robert Volkmann, Leipzig 1917"
223,Robert Volkmann,11876912X,Anna Weidel-Pokorny,,1883-02-26,Budapest,https://www.geonames.org/3054643,487,,"Hans Volkmann (Hrsg.), Briefe von Robert Volkmann, Leipzig 1917"
224,Robert Volkmann,11876912X,Johannes Batka,,1883-03-02,Budapest,https://www.geonames.org/3054643,488,,"Hans Volkmann (Hrsg.), Briefe von Robert Volkmann, Leipzig 1917"
225,Robert Volkmann,11876912X,Graf Géza Zichy,116985925,1883-05-07,Ofen,https://www.geonames.org/3054667,491,,"Hans Volkmann (Hrsg.), Briefe von Robert Volkmann, Leipzig 1917"
226,Robert Volkmann,11876912X,Graf Géza Zichy,116985925,1883-05-25,,,492,,"Hans Volkmann (Hrsg.), Briefe von Robert Volkmann, Leipzig 1917"
227,Robert Volkmann,11876912X,Graf Géza Zichy,116985925,1883-06-01,,,493,,"Hans Volkmann (Hrsg.), Briefe von Robert Volkmann, Leipzig 1917"
228,Robert Volkmann,11876912X,Graf Géza Zichy,116985925,1883-09-15,,,495,,"Hans Volkmann (Hrsg.), Briefe von Robert Volkmann, Leipzig 1917"
229,Robert Volkmann,11876912X,Graf Géza Zichy,116985925,1883-10-04,Budapest,https://www.geonames.org/3054643,497,,"Hans Volkmann (Hrsg.), Briefe von Robert Volkmann, Leipzig 1917"
230,Robert Volkmann,11876912X,Julius J. Mayer,,1883-10-27,Budapest,https://www.geonames.org/3054643,498,,"Hans Volkmann (Hrsg.), Briefe von Robert Volkmann, Leipzig 1917"
,Robert Volkmann,11876912X,W. Durany,,1854-06-24,Wien,https://www.geonames.org/2761369,,,
,Robert Volkmann,11876912X,Meier,,1857-11-10,,,,,
,Robert Volkmann,11876912X,[Gebrüder-Müller-Quartett],4751614-8,1859-03-28,Pest,https://www.geonames.org/3046446,,,
,Robert Volkmann,11876912X,Carl Friedrich Wilhelm Siegel,117360503,1864-06-06,Pest,https://www.geonames.org/3046446,,,
,Robert Volkmann,11876912X,[Eduard Schelle],117743135,1870-02-27,Pest,https://www.geonames.org/3046446,,,
,Robert Volkmann,11876912X,Rosa Anschütz,130091227,1870-12-08,Ofen,https://www.geonames.org/3054667,,,
,Robert Volkmann,11876912X,Rosa Anschütz,130091227,1872-11-06,Ofen,https://www.geonames.org/3054667,,,
,Robert Volkmann,11876912X,Heinrich Kotzolt,11634542X,1874-06-19,Ofen,https://www.geonames.org/3054667,,,
,Robert Volkmann,11876912X,Rosa Anschütz,130091227,1874-11-02,Ofen,https://www.geonames.org/3054667,,,
,Robert Volkmann,11876912X,,,1874-11-28,Budapest,https://www.geonames.org/3054643,,,
,Robert Volkmann,11876912X,Heinrich Kotzolt,11634542X,1877-01-20,Budapest,https://www.geonames.org/3054643,,,
,Robert Volkmann,11876912X,Concordia,2081967-5,1878-02-01,Budapest,https://www.geonames.org/3054643,,,
,Robert Volkmann,11876912X,B. Schotts Söhne,4053219-7,1880-11-19,Budapest,https://www.geonames.org/3054643,,,
,Robert Volkmann,11876912X,B. Schotts Söhne,4053219-7,1881-08-31,Budapest,https://www.geonames.org/3054643,,,
